H,W,r1,r2,r3,r4,r5,r6,r7,r8,r9,r10
779,875,1.0,1.3,5.2,7.3,1.8,3.7,4.3,6,4.9,3.8
884,982,1.3,3.8,2.1,1.3,6.6,5.2,3,4.5,9.1,4.2
901,754,1.1,4.3,5.8,1.7,5.2,5.6,3.1,3.7,4.6,1.7
776,983,1.2,1.3,9.9,3.4,4.0,5.9,2.6,6.1,6.1,6.2
870,792,8.5,6.9,2.5,2.1,9.2,9.4,9.1,3.4,5.3,3.5
881,908,7.2,3.6,8.7,1.1,1.1,2.2,3.5,6.4,7.2,5.3
937,862,1.2,1.7,5.1,1.2,5.4,9.3,4.7,4.6,6.9,9.5
779,976,3.4,1.0,1.5,4.0,1.1,1.1,1.5,8.7,6.7,5.7
948,876,1.0,1.3,2.8,7.9,9.1,1.7,1.1,9.7,6.4,2.7
960,850,4.7,1.9,1.1,1.0,4.7,7.1,3.2,9.6,2.2,8.6
867,972,4.8,2.6,4.9,1.4,4.9,4.9,8,5.7,9.1,1.6
963,948,1.1,6.5,5.3,5.3,3.2,8.9,3.7,6.3,4.2,7
995,820,1.8,1.5,1.0,8.4,1.1,4.6,6.3,5.1,9.1,8.9
989,971,2.3,1.0,7.4,2.3,3.7,9.8,6.3,5.9,6.5,9
901,878,5.3,2.1,2.5,1.5,9.4,7.8,6.7,9.3,7.1,2.1
781,780,1.2,9.0,2.1,5.8,8.5,1.6,5.3,9.3,1.5,4.4
825,838,9.0,5.9,1.5,7.1,6.2,9.9,5.8,8.4,6.2,8.4
860,914,5.6,7.4,2.2,2.7,2.1,8.6,4.3,9.2,5.9,9.2
763,818,2.4,4.9,2.2,2.1,1.3,9.4,5.2,8,6.1,8.1
799,925,3.7,3.8,1.1,8.2,1.1,2.8,7.5,8.8,7.9,5.5
806,779,5.5,8.0,5.4,1.6,8.5,6.7,2.1,6.5,6.8,1.4
858,924,7.5,1.5,6.5,1.0,8.0,1.4,5.6,6.5,4.8,2.5
882,844,8.5,9.9,1.0,8.8,3.4,4,6.7,3.8,8.9,6.7
846,825,1.6,4.8,2.9,4.6,3.4,9.4,9,8.6,3.9,3.9
989,758,6.8,7.9,1.8,4.3,1.1,5.2,5.5,1.5,1.8,7.7
997,818,7.8,8.1,5.3,8.6,2.5,8.4,5.8,4.9,4.9,4.6
881,838,1.5,1.0,1.5,8.8,5.9,5.6,4.5,3.7,6.2,5.9
787,887,2.9,1.9,2.3,4.7,6.9,2.1,2.5,6.7,9.5,6.3
929,862,1.0,4.8,2.8,1.4,4.6,3.1,4.5,2.6,5,5.4
801,846,3.5,2.2,2.6,1.6,2.8,3.8,4.5,8.7,8.5,2.3
899,866,3.4,2.9,1.0,4.5,5.7,8.6,9.7,5.2,8.8,5.6
911,905,5.8,1.2,4.3,7.7,1.0,4.7,7.2,5.1,5.6,2.6
777,855,1.1,2.8,2.7,4.5,2.2,8.9,3.2,3.7,4.8,3.1
824,775,4.2,1.3,9.4,8.0,1.1,9.6,2.5,6.3,7,3.2
935,916,4.3,3.2,6.7,1.3,2.1,9.3,3.8,8.5,2.5,4.3
795,868,6.2,9.0,3.1,1.0,4.2,9.5,1.7,5.5,1.3,4.1
862,879,1.0,1.9,7.6,2.5,4.0,1.4,7,7.5,7.4,9.6
835,907,7.3,6.3,1.7,1.8,7.1,5.2,8.4,9.9,1.7,6.6
959,949,1.0,2.0,2.4,6.8,8.2,7.5,7.5,5.2,2.7,3.6
898,769,7.1,1.0,6.5,1.0,1.2,1.7,3.7,1.8,6.8,9.9
848,921,3.7,1.0,1.0,1.2,2.0,4.7,4.7,2.9,7.2,1.8
892,800,8.7,1.6,5.3,6.2,10.0,9.2,2.2,3.3,8.6,2.6
944,989,2.0,6.0,1.9,2.3,5.3,5,4.2,8.7,4.9,7.5
951,960,3.9,1.3,3.0,8.9,2.8,9.6,3.4,1.1,4.9,2.5
762,874,4.3,5.2,7.1,1.9,1.7,7.6,7.6,5.3,2.8,9.6
847,809,4.1,8.0,10.0,2.3,1.1,8,7.7,8,1.8,3.6
819,905,5.8,4.6,4.8,8.2,3.6,3.2,5.7,4.6,2.5,1.1
786,874,9.5,1.5,1.5,5.0,3.1,7.1,3.6,1,2.7,6.5
888,867,3.2,1.1,8.1,1.4,2.7,5.5,4,3.5,9.3,5.8
789,871,4.0,7.7,5.2,3.1,2.8,4.8,1.4,5.5,4,3.3
909,811,2.7,3.0,1.8,8.1,1.0,4.2,6.5,3.9,9.3,7.4
916,810,2.5,7.4,1.9,7.6,1.0,1.8,7.9,1.6,8.4,4.4
842,970,9.5,1.0,8.6,4.9,3.1,1.8,1.6,4.4,5.3,1.2
939,814,1.1,7.6,1.7,3.4,3.6,5.1,2.6,4.5,8.2,4
833,780,8.2,1.1,7.7,8.5,6.3,1.5,3,1.2,8.4,2.1
885,811,4.5,1.2,7.1,1.0,5.4,9.8,5.1,8.9,6.6,2.8
781,963,4.4,7.6,5.6,4.7,5.2,9.7,1,5,3.4,3.3
978,904,1.1,1.0,2.8,4.5,1.9,2.9,8.3,10,5.4,6.1
920,954,1.0,4.7,7.4,6.3,1.0,6.2,3.7,3.8,8.6,4.3
865,913,2.5,1.3,8.2,8.9,1.1,2.6,5.2,3.7,2.7,1.4
900,894,3.4,6.8,2.4,1.8,2.7,1.3,6.6,3.2,7.1,6.8
973,993,1.0,1.6,1.0,3.5,6.5,9.3,7.6,5.1,3,7.6
936,856,2.2,3.5,7.1,6.1,2.0,5.6,9.2,5.1,9.3,8.4
810,945,1.0,4.9,2.1,1.9,8.3,1.7,5.1,2,3,3.1
767,769,5.2,4.0,9.8,1.5,1.0,4.8,3.2,9.4,6.4,5.5
987,801,5.8,5.6,6.4,6.2,1.1,9.2,6.8,1.9,7.8,7.8
809,897,3.1,4.0,1.0,8.9,4.2,4.9,3.3,8,6.1,6.3
997,764,1.8,1.5,9.7,2.5,4.4,1.4,5.9,3.4,2.3,1.4
892,836,1.1,2.2,1.8,1.2,2.1,2.7,8.1,8.5,8.2,3.8
837,823,8.4,1.0,2.2,2.0,1.2,9.4,1.3,5.7,5.7,1.9
957,998,1.4,3.2,9.2,1.0,6.2,5.3,6.9,5.9,2.1,7.3
814,784,1.1,4.6,2.1,3.8,6.8,5.2,3.3,1,7.1,9.8
773,822,1.0,2.6,1.6,6.5,6.8,3.9,1.8,9.8,5.7,3.1
986,783,1.2,2.1,3.3,3.9,1.0,8.6,3.3,6.1,7,9.2
992,900,4.2,4.3,3.0,5.0,4.2,7.4,7.9,2.5,9.2,8.6
762,849,1.7,1.7,2.8,8.4,1.4,4.8,1.6,8.4,2.6,7.6
855,977,3.3,3.8,1.1,1.2,4.3,2.6,6.4,8.2,6.2,6.4
807,877,1.0,1.4,1.8,1.7,1.1,7.6,4.8,7.8,2.3,1.2
954,906,5.1,5.0,1.5,1.1,2.5,8.2,8.8,7.9,4.2,6.9
784,764,9.4,1.0,1.0,1.1,5.5,7.9,7,5.7,8.6,6.4
928,832,1.0,4.2,3.7,6.9,6.2,7.5,1.9,5.3,3.4,2.2
844,757,1.7,4.4,4.7,3.1,8.7,6,1,2.2,2.1,8.4
891,923,1.8,5.5,1.6,9.6,1.9,8.3,3.4,2.1,5.2,4.8
909,980,1.3,1.0,1.8,1.6,1.0,1.6,6.7,6.3,8.7,2.2
975,990,8.3,7.4,7.2,3.1,8.3,7,4.5,9.2,5.2,3.8
912,979,2.0,7.9,1.6,3.0,3.9,4,1.9,9.5,8,8.3
856,918,2.3,4.5,6.1,8.6,1.6,8.2,1.4,5.4,4.9,5.9
856,930,3.2,9.6,9.0,2.6,2.4,4.7,4,3.5,6.6,3.5
780,972,4.5,1.6,9.8,1.0,1.1,7.1,2.1,3.9,2.9,10
797,987,9.9,3.2,8.3,5.4,1.4,7.7,8.8,7.7,8.8,6.9
935,791,2.6,6.7,4.9,8.2,1.3,1.1,8.5,2.5,3.4,6.2
927,839,1.9,2.4,9.6,7.1,2.8,3.4,6.2,2.8,5.8,1.6
970,927,3.0,2.1,7.5,6.3,2.1,8.8,9.7,3.3,9.3,8.6
889,914,5.0,3.5,9.7,7.4,2.4,8.2,1.6,2.7,1.5,8
760,962,3.1,2.6,6.8,7.8,7.3,2.7,1.5,8.6,8.1,9.3
753,860,7.3,2.2,1.6,2.1,6.3,1.7,5.9,8.4,5.5,1.8
962,885,5.0,6.4,3.2,4.8,3.5,9.2,4.5,2.1,6.6,1.3
896,916,4.6,2.7,6.5,2.3,1.2,6.6,2.5,3,6.8,9.6
795,755,2.6,4.8,1.6,2.2,3.9,5.1,4.4,8.9,2.4,3.1
862,912,1.1,1.1,2.2,4.1,2.4,6.4,5.3,8.8,2.7,5.7
981,888,3.2,5.9,1.6,4.7,4.1,1.1,8.9,3,8.9,9.5
758,845,3.8,6.6,9.4,3.1,6.9,6.9,3.7,9.9,7.1,8.3
997,750,4,5.8,3.8,6.3,9.7,5.6,4.1,7.4,2.2,6.8
964,941,6.9,4.9,3.8,1,6.9,8.1,4.2,9.9,7.3,2.2
807,900,9,6.3,9.3,3.8,7.3,8.9,8.9,7.5,6.2,9.3
834,881,1.6,7.7,3.3,3.7,2.9,5.4,1.5,6.8,1.3,7.9
811,826,5.7,7.4,6.1,2.4,5.7,7,9,2.8,3.5,8.3
843,882,6.9,4.3,9,3.3,5,8.5,9.8,3.7,8.1,7.8
778,771,6,8.3,6.4,8.1,5.2,6.5,8.2,2.8,5.5,7.3
806,993,6.7,6.5,1.1,5.4,9.3,6.2,7.3,4.3,8.1,3.4
950,825,4,8.2,8.9,8.5,2.4,6.2,9.6,9.6,9.5,6.7
752,829,6,1.2,7.8,7.3,8.4,3.5,7.9,7.8,5.8,4.5
865,972,5.9,7.9,4.4,6.6,3.4,8.7,3.6,4.1,7.6,6.6
945,806,9.8,5.2,9.7,8.7,9,5.4,1.4,9.1,2,9.7
848,889,3.3,9.6,1.7,9.3,3.5,7,4.5,5.6,1.4,5.4
983,861,4.4,9.2,9.5,7.1,3.6,1.6,3.6,6.9,7.5,8
926,921,3.9,4.1,3.1,1.3,7.2,5.2,6.1,5.7,3.2,9.6
951,915,5.9,9.3,3.2,6.2,4.5,9.5,5.3,6.3,5.5,3.4
783,832,4.3,6.4,4.7,6,4.5,5.6,1,4,2.8,8.7
879,952,3.3,3.5,4.3,9.5,7.9,3.9,7.6,1,9.3,9.4
927,760,9.9,4.5,2.6,6.3,7,9.8,1.2,4.1,9.5,1.2
909,989,8.5,2.9,3.2,6.2,2,4,9.2,3.7,5,5.7
839,824,8.6,6.2,1.4,3.2,1.5,7.4,6.7,6.7,7.3,2.7
815,951,9.9,5.6,2.1,1.9,8.5,8.3,1.6,1.8,5.9,6.9
999,788,6.6,5.8,2.7,4.4,1.3,9.4,2.2,5.4,4,4.8
843,960,9.5,9.2,9.5,2.4,3.6,2.1,3.2,9.5,3.9,6.8
766,911,1.7,6,4.2,6.6,9.4,8.9,5.9,5.2,9.1,7.5
910,966,3.3,7.4,1.6,2.6,5.9,7.6,5.7,4.6,2.4,6.7
821,996,5.2,3.2,10,1,1.2,3,9,4.2,8.4,7.2
988,750,8.4,7.2,5.3,5.2,6.2,1.2,1.4,3.5,1.6,6.9
867,848,2.9,1.9,7,9.2,2.7,4.4,4.2,1.6,2.3,8.8
998,812,3.8,2.9,6.2,4.5,1.1,9.5,2.3,7.8,6.6,8
772,867,5.5,6.5,6.7,9.8,8.6,9.8,5.4,8.2,7.5,5.7
779,817,9.4,6.5,3.2,2,3.8,1.9,5.9,8.1,8.1,6.5
944,767,8.2,6.3,8.5,7.5,1.5,6.9,4.2,6.4,6.7,8.3
967,967,6.5,2.9,9.3,7.2,9.7,8.4,8.9,3.3,9.8,9.4
838,952,8.6,9.5,3.9,8.6,9,9.7,8.7,7,5.3,1.2
835,859,6.7,5.8,6.6,8.2,3.4,6,5.5,6,2.3,6.3
857,918,1.9,6.6,7.7,3.1,8.4,9.5,4.4,4.5,4.1,5.8
785,958,2.3,6.7,5.9,6.5,5.8,2.6,8,1.9,8.5,6
934,834,3.2,7.2,1.8,3.8,8.4,2,3.4,8.6,6.7,5.7
830,801,6.7,2.9,2.3,5.8,4.7,1.4,4.8,9.3,9.8,1.2
753,980,2,7,3.3,6.9,7.1,9.2,1.8,8.2,5.8,2.1
937,915,5.1,3.2,9.8,4.1,3.2,1.1,9.8,9.5,6.8,2
882,910,9.7,3.5,3.5,3.1,5.3,5.2,2.7,1,6.7,8.4
910,971,3.8,8.9,5.8,9.3,5.8,4.7,7.8,6.5,10,1.8
961,792,8.3,5.1,9.1,1.7,8.7,6.8,7.9,2,3,8.3
985,846,7.3,6.7,2.7,2.6,8.8,6.3,6.4,6.7,6,9.6
853,880,5.2,7.1,6.1,7,2.2,8.7,9,2.8,5.9,4.4
898,840,1.9,5.2,7.5,2.7,7.2,1.8,9.9,7.4,2.7,2
992,949,9.6,3.1,3.6,2.1,3.6,2.7,4.7,4.9,3.3,2
772,828,7.6,4,8.9,8.4,7.5,7.3,4.3,6.4,5.6,2.8
952,888,2.4,4.5,6.1,8.8,6.6,1.9,3,1.5,8.4,9.6
948,816,9.3,7.4,3.2,8.3,9.4,8.2,5.8,1.5,2.9,4.7
991,992,5.5,2.8,4.7,2.5,2.4,6.7,8.6,6.5,4.1,4.1
819,806,2.5,6.8,9.3,8.8,6.4,9.4,9.5,2.6,5.1,9.8
833,954,2.7,6.8,7.7,5.1,6,2,3,7.3,4.6,8.2
974,826,5.4,3.2,6.7,1.8,5.5,2.7,9.6,6.7,1.7,2.4
756,756,6.4,7.1,6.8,8.1,9,6.7,4.7,4.4,6.6,9.5
765,876,5.5,3,7.1,1.8,4.6,3.3,9.6,6.3,6.5,5.5
801,968,1.8,2.5,1.2,6.6,2.8,9.7,1.5,8.5,7.6,5.7
771,899,1.7,8.6,2.3,7.8,4,2.7,8.4,6.6,1.8,9.2
989,754,9.4,6.4,9.3,2.5,2.4,4.7,6.7,3.9,2.5,7.5
945,763,1.3,5.9,7,1.5,6.8,8.6,5.5,4,7.8,1.3
891,858,3.3,7.9,9.4,8.3,9.4,9.2,2.8,8.5,4.9,1.2
977,915,9.2,5.8,5.5,5.3,4.7,2.5,1.1,5.1,3.5,3.6
886,971,5.1,2.2,5.9,8.9,9.6,8.6,8.9,7.8,9.7,1.1
846,908,1,7.3,5.3,5.7,4.3,6.2,5.3,5.9,7.1,8.9
840,961,4.9,6.3,4.4,8.6,9.3,3.4,6.1,7.6,4.5,9.4
843,967,5.4,9,5.3,3.2,6.4,3.1,9.3,5.7,2.6,4.5
813,965,8,5.2,3.9,1.6,7.9,7.5,2.5,3.6,2,5.1
928,759,1.9,8.1,2.4,2.4,5.3,9.2,7.6,8,9.9,1.8
827,858,6,8.6,6.6,7.8,5.3,1.3,7.8,5.9,9.3,9.8
897,958,2.9,2.3,8.2,6.2,1.8,7.3,9.2,2.5,7.6,1.5
933,761,7.2,1.9,1.1,7.7,9.7,1.8,7.4,3.3,4.3,3.5
887,869,3.9,7.9,7.8,8.6,9.5,7.5,5.9,8,8,3.1
919,860,3.3,2,6.3,1.3,8.2,2.9,5.9,6,4.6,7.6
957,863,8.3,5.5,2.9,2.8,1.5,6.5,5.4,7.4,4,5.8
920,919,3.6,7.7,3.5,8.1,5.7,5.9,2.9,8.4,4.8,4.8
930,787,1.9,6.5,2.7,4.1,7.5,5.1,7.5,7.2,9.2,9.8
954,975,7.3,7.7,7.3,8.9,9.5,4.1,5.3,3,1.4,1
862,830,9,2.6,8.6,7,2.2,7.7,5.9,8.3,5,1.6
910,860,3.8,5.7,7.5,6,7.2,4,8.1,3.9,4.3,4.6
951,912,1.8,5.7,6.7,1.3,3.1,6.8,1.9,6.1,6.2,8.6
754,972,8.6,3.3,2.6,4.6,8.7,8.5,3.4,8.4,5.5,4.7
901,770,5.3,2.1,1.6,8,7.6,3.5,1,7.4,3.8,7.6
800,812,9,1.5,6.5,8.5,2.4,2,1.9,5,8.4,7.9
954,912,2.5,9.1,8.1,1.1,7.4,5.1,5.8,4.3,6.9,9.5
880,922,9.4,9.8,6.6,8.7,3.2,2.9,7.7,7.6,1.4,3.9
791,824,6.3,5,6.9,6.8,9.9,4.8,1.8,9.5,9.1,4.7
783,797,1.4,7.2,1.6,7.9,10,3.4,2.5,8.1,1.7,1.4
757,851,3.5,7.2,2.6,3.8,8.8,8.1,9.8,1.1,1.8,1.6
972,861,8.4,2.7,1.5,8.3,6.8,3.1,4.7,8.2,9.1,8.5
901,997,3.5,7.8,2.7,8.5,9.8,6,9.2,9.6,3.6,9
807,922,9.4,3,4.9,5.3,9.9,1.4,2.8,6.4,6.1,1.1
992,800,3.4,3.1,4.3,9.7,3,9.8,10,8.6,3.8,4.1
772,985,5.3,7.3,1.3,3.6,6.8,5.4,9.1,1.6,2.5,5.2
890,959,7.1,9.6,5.5,6.7,3.5,7.1,7.2,5.7,8,5.3
959,971,5.1,2.9,2.8,5.4,3.7,4.1,5.6,8.4,1.3,4
751,760,5.5,7,9.3,1.2,1,9.4,3.7,7.7,1.1,4.1
886,949,4.9,5,1.4,1.9,1.3,4.6,9.2,8.6,9.6,9.4
766,930,6.2,6.5,2.5,6.4,7.1,6.1,8.4,8.6,1.2,2.3
965,891,2.4,4.1,8.5,1.8,5.1,5.6,5.1,6.1,6.4,2.7
976,847,7.8,5.8,4,1.7,8.8,9.2,9.2,1.8,2.1,2.5
891,844,6,8.3,9.9,2.2,4.3,6.2,4.5,6.4,1,5.2
898,787,8.8,2.7,8.8,6.5,3.7,7.9,3.1,8.9,2.7,3.3
958,980,7.4,8.3,7.4,2.6,2.3,9.4,5.6,3.9,4.8,8.8
948,876,3.4,9.6,1.5,9.3,2.2,3.7,4.6,6.7,4.2,1.3
887,849,8.6,3.6,9.2,6,3.2,2.7,5.4,1.2,3.7,2.1
950,803,1.6,7.3,6.9,4.5,5.3,6.1,7.7,6.2,5,6.4
993,800,6.5,4.1,2.9,4.5,7.2,7.3,1.6,8.1,4.2,5.4
982,938,2.6,1.4,2.6,5,1.7,8.2,8.4,3.5,4.9,8.1
930,824,3.9,4.4,1.2,9.4,4.4,1.3,9.1,5.5,5.9,1.2
875,769,6.2,6.9,5.9,4.1,8.3,7.8,4.5,7.7,2.2,6.1
772,953,5.5,7,8.3,8.8,1.2,7.4,8.8,4.5,5.2,8.3
918,831,8.5,7.6,9,2.3,8.3,5.5,1.7,7.2,8.6,3.9
868,983,7.8,4.8,4.9,9,4.8,2.2,3.3,9.6,1.4,6.3
788,998,7,9.7,9.8,4.5,3.2,3.4,1,9.3,8.7,4.8
851,966,9.5,5,2.6,8.3,4.1,5.1,8.2,7.9,6.2,9.4
945,970,1.9,4.9,6.7,8.7,7.3,5.1,8.8,4.7,6.9,3.6
812,800,1,5.9,5.7,4.8,4.2,9.2,3.1,9,6.6,3
949,767,1.2,5.2,6.4,2.4,6.3,6.5,4.4,9.2,10,3.6
963,912,4.5,4.7,2.9,7.2,9.9,6.8,8.1,5.5,9.8,1
978,756,1,9.4,8.4,9.7,6.9,9.3,6.8,5.5,2.3,9
791,812,2.6,3.1,7.2,6.9,8.9,7.9,4.4,7,6.6,3.5
890,795,2.7,4.7,5.5,5.2,9.5,9.8,4.3,4.7,7.6,6.1
880,795,2,7.7,4.1,6.3,4.3,8.5,7.9,8.7,5.5,8
976,997,3.9,3.1,3,2.4,9.5,9.2,8.8,8,6.8,4.6
893,883,3.1,1.2,5.6,3.5,4.5,8,8.9,2.6,9.2,8.6
783,885,5.7,6.4,4.1,1.7,6.9,9.4,7.7,5.7,8.6,6.3
904,928,2.4,8.1,2,4.3,4.4,8.4,1.6,7.7,2.8,9.5
935,946,4.1,3.2,7.6,4,7.1,6.3,5.1,3,6.1,7.8
849,989,1.5,7.9,8.3,9.3,4.7,2.7,4.1,1.2,8,9.1
779,751,8.6,5.2,8.6,7.9,2.3,5.2,8.1,8.7,4.8,3
769,998,7.7,4,2.9,3.8,5.1,7,2.8,3.3,9.9,3.2
966,968,7.4,8.3,8.8,6.6,3.2,6.4,2.2,7.4,5.6,1
995,814,8.9,8,7.1,9.4,3,8.1,9.4,1,1,7.1
956,755,2.9,9.9,3.5,5.5,1.2,7.8,8.8,1.3,5.7,8.1
770,977,9,6.7,2.8,3.3,7.1,8.3,4,9.5,4.7,8.5
824,912,4.6,6.6,2.3,7.8,1.2,7,6.3,7.8,9.4,8
984,977,3.3,7.1,7.4,7,6.8,2,3.7,7.4,3.3,5.9
935,782,3.2,6,2.8,2.1,2.8,5.1,1.6,3.3,6.6,7.6
902,998,9.8,2.1,7.8,9.2,7,4.2,6.5,9.5,3.3,1
941,837,1.5,4.8,6.8,8.1,5,2.2,4.9,2.9,10,7.8
804,817,3.9,1.2,4.7,1.5,8.1,9,1.5,6.8,8.9,7.1
768,967,7.5,2.5,9.1,4.5,6.6,8.3,7,3.2,3.8,2.5
976,886,8.8,3.2,4.5,6.6,5.2,2,1.2,1,6,9.9
945,931,1,5.1,4.4,8.1,7.5,4.1,9.7,9.8,9.8,5.2
841,851,9.7,4.8,7,6.8,9.4,3.2,6.4,6,3.6,2.4
824,770,1.6,4,1.1,9.2,8.9,3.8,8.5,6.6,9.5,5.6
764,850,1.8,6,3.3,7.4,7.6,7,5.8,6.6,4.6,6.1
901,868,5.7,4.8,6.5,1.8,3.4,3.5,5.4,3.5,8.4,8.6
998,998,6.1,9.8,4.2,2.2,1.9,8.7,8.3,7.6,3,2.6
799,890,7.9,5.9,9.9,3.2,3,8.3,5.3,2.8,4.9,4.3
909,799,3,6.5,3.5,4,2.4,1.9,2.1,9.6,10,5.4
945,991,7.6,1.2,5.8,2,9.4,4.8,1.1,5.7,2.6,5.4
993,850,2.5,2.1,9.7,3,8.5,1.9,8.4,9.1,4.5,1.3
756,844,9.7,9.3,4.3,6.6,2.1,8.4,5.2,9.4,4.9,2.4
921,954,2.3,3.4,1.3,5.7,9.5,5.3,9.6,8.5,4.7,9.9
863,903,5.1,9.2,3.9,5.3,8.1,8.7,2,5.6,2.1,3.9
862,870,2.6,3.7,4.4,3.8,2.4,9,7.4,6.8,8.5,7.7
810,983,7.3,3.4,8.4,4.2,8.9,4.7,1.9,5.2,2.2,6.1
993,783,1.1,7.8,7.1,9.5,7.7,9,7.3,4.9,8.7,3.2
800,751,7.4,1,3.2,5.2,1,6.6,7.6,2,6.9,1.7
783,778,5.2,9.5,2.7,8.4,6.5,5.5,7.6,9.6,4,2.8
862,791,7.6,5.8,6.2,6.6,5.7,4.3,8.9,5.3,7.1,1.7
935,865,2.4,6.4,5.3,5.7,1.6,6.8,3.3,6.9,2.7,8.8
840,793,6.5,8.9,9.8,3.8,1.8,6.8,3.2,5.7,3.8,8.8
867,793,7.7,3.7,5.7,9.4,3.6,6.5,4.7,1,2.2,5.2
873,808,8.1,1.1,8.2,5.5,7.8,2.5,2.4,7,6.6,2.2
940,930,9.1,7.6,1.1,8.2,1.6,6.4,8,10,9.6,1.6
752,781,5.3,5.3,3.3,7.6,4.1,2.5,6.7,9,7.7,3.3
940,891,3.1,6.8,3.5,6.8,2.7,7.9,9.9,5.9,2.8,1.2
792,812,6.2,8.8,2.6,6.3,8.5,8.4,8.6,4.9,10,6
952,793,9.9,6.7,9,1.8,8.4,7.8,2.5,4.9,4.2,8.5
980,806,7.4,3.4,7.7,9,7.4,7.4,8.2,6.5,4.1,3.8
952,892,6.9,6.1,5.5,4.9,5.1,4.7,2.8,5.1,8.7,7.4
998,907,4.2,4.6,2.2,6.4,2.6,9.5,2.9,5.5,6.1,2.1
957,773,9.4,6.2,6.5,1.2,9.9,6.6,7.3,4,2.4,10
875,993,7.7,1,8.4,3.1,6.2,7.6,7.4,8.7,8.5,9.9
828,840,9.6,9.8,2.4,9.6,5.4,2.4,2.9,7.6,9.9,1.4
936,977,4.8,4.7,10,8,9.3,3,4.2,6.9,4.5,6.7
899,849,3.9,9.7,10,2.2,6.7,6.3,9.4,7.7,2.6,6
936,783,3.5,7.9,2.1,3.6,6.3,4.7,3.4,2.8,5.4,4.3
945,756,1.9,6.3,4.8,2,5.1,6.5,9.2,6,2.9,7.7
864,860,8.6,7,5.1,4.9,4.3,8.6,5.1,7.5,8.9,8.1
927,834,8.3,2.7,3.1,8.9,7.3,9.4,4.5,7.4,2.2,7.4
883,842,8.3,9.1,4.3,9.8,4.2,2.1,2.6,5.4,6.8,3.4
787,886,4.1,4.4,3.4,2.7,1.3,7.7,3.2,3,9.6,8.1
859,974,6.7,7.4,3.1,6,5.5,6.1,9.7,2.2,3.5,9.1
815,801,7.6,4.2,4.5,9.4,7.3,2.8,3.5,9,5,5.9
758,992,2.3,4.3,7.2,6.8,7.9,4.3,2,1.7,4.4,3.9
984,809,3.3,7.1,4.2,6.8,1.9,9.1,4.9,1.8,2.7,8
947,904,1.6,3.4,8.9,6.7,7.3,9.1,7.8,3.1,1.6,2.1
877,891,2,3.3,4.8,2.9,9.5,4.2,3,5.5,5.8,7.3
925,786,8.3,5.5,2.5,4.2,5.6,1.6,4.5,4.2,3.9,9.7
886,955,4.4,1.4,6.2,7.1,3,3,8.4,9.7,9.1,9.6
807,876,9.4,4.7,4,7.2,7.2,6.4,4.4,7.2,1.1,3.3
763,958,2.5,2.6,4,8.2,8.6,5.5,3.4,6.6,6.1,6.9
896,876,3.8,4.5,6,2.4,2,1.4,2.1,5.7,7.9,5.6
805,968,2.8,1,6.2,2.1,2.5,5.5,7.2,5.4,4.1,1.2
938,947,9.1,3.1,3.1,6.8,2.6,3.5,7.2,3.5,6.8,3.3
990,977,1.5,5.5,1.7,7.5,5.2,1,3.8,2.2,2.2,6.5
849,912,3.5,6.3,6.1,4.6,1.3,7.8,3.7,9.6,7.2,8.3
790,936,2.4,4.2,3.7,5.2,6.9,1.1,2,9.6,5.3,2
794,951,5.5,5.1,7,7.3,2.8,7.1,2.6,5.3,10,5.2
814,973,3.4,7.8,9.8,8.5,9.1,6.1,1.5,2.6,3,5.8
966,944,7.6,3.4,4.6,9.2,6.7,4.1,3.4,4.4,7.3,5.6
780,922,2.6,1.8,8.2,5.2,2.4,2.8,4.4,4.5,8.4,3.2
905,877,7.1,4.7,3.4,9.5,2,5.9,1.8,7,3,3.3
763,892,2.7,10,2.2,3.4,3.8,2.8,3.5,9.4,2.4,3.2
812,852,6.5,1.9,7.6,5,3.2,5.3,1.6,2,9.9,4
844,990,4.4,3.8,7.1,7.5,4.1,5.3,4.5,2.8,8.2,6.9
996,805,1.5,6,9.7,1.7,2.3,6.7,3.8,3.8,6.5,4.9
753,841,2.8,5.2,5.8,4.1,1.4,5,2.6,7.5,8.4,6.3
795,844,9.5,9,3.5,4.1,1.9,5.2,7.6,3.1,3.2,6.9
946,964,3.7,6.8,6.3,9.8,5.5,3.5,5.4,2.6,3.6,6.7
821,760,4.2,2.3,6.3,3,7.3,7.2,9.9,1.2,1.1,4
937,864,9.7,5.9,3.6,8.9,3.1,9.7,4.1,7.2,4.4,9.9
927,906,7.5,9.8,8.3,1.2,3.8,2.5,6.2,1.8,3,1.3
840,776,6.8,6,8.8,5.8,8.4,4.1,9.2,6.4,3,8.2
941,750,8.5,2.1,1.1,6.1,1.8,6.8,4.1,7.3,8.5,4.6
846,817,2.4,4.2,8.8,9.8,2.8,4.8,4.3,4.6,3.1,9.5
954,998,3.5,5.2,6.5,9.4,9,9.8,3.9,5.6,5.2,7.5
824,754,7.6,1.3,6.2,5.6,5.4,2.3,1.7,5.2,7,7.8
794,760,5.4,5.3,3.8,2,3.8,6.6,3.9,1.4,5,9.3
882,974,7.6,8.2,4.1,7.7,6.7,1.2,2.5,3.1,8.7,5.2
904,905,3.8,6.4,2.8,8.7,2.4,1.4,4.7,1.4,3.4,1.6
778,951,9.7,2.6,6.2,3.6,9.1,3.3,2.6,5.5,8.7,1.2
922,763,9.7,9.5,5.6,6.2,7.8,3.1,1.5,2.8,2.6,8.5
992,774,3.3,5.5,2.4,8.8,5.8,3.7,7.9,3.4,3.4,2.2
835,925,6.5,4,2.8,1.7,1,2.6,7.6,4.6,5.7,6.2
983,886,1.9,1.2,7.4,4,3.6,8.2,8.5,4.2,8.4,9.7
797,830,7.4,1.8,1.6,6.5,2.9,6.2,5.8,2.6,7.1,4
816,910,3.9,1.3,1.7,1.7,3.9,2.9,1.5,2.5,5,4.2
902,804,7.6,4.5,3,5.3,9.6,3.2,6.7,8.6,9.1,5.2
790,810,7.7,4,4.6,9,5.2,5,8.8,9.6,1.2,3.4
816,866,2.4,6.4,5,6.4,2.8,2.1,6.6,8.2,4.1,7.6
998,856,7.8,9.3,4.2,8.1,6.5,7.4,5.2,1.4,3.1,3.3
933,894,2.5,8.8,7,6.9,6.7,9.4,3.2,2.1,3.3,1.6
906,782,8.6,5.6,1,1.6,7.6,7.6,7.3,7.2,2,3.6
987,819,6.7,3.3,7,2.2,5.2,9.8,9.9,3.9,6.2,9.8
867,811,1.2,4.6,9.6,1.4,2.5,6.6,3.5,9.6,8.1,6.8
846,794,4.2,6.4,9,1.2,4.5,5.2,5.4,5.5,1.9,2.3
897,842,3.6,8.9,1.6,2.4,7.6,4.9,9.5,7.6,4.6,6.8
992,920,5.7,1.9,9.4,6.4,5.6,7,7.1,7.7,2.7,1.4
920,867,2.2,9.4,3.6,8,1.2,9.2,5.1,1.4,9.1,9.3
951,809,8.4,6.2,2.6,5.5,6.3,7.8,8.4,5.5,8.5,9.9
887,873,2.8,3.4,3.7,4.5,4.1,4.9,7,6.6,7.7,5.4
954,891,1.7,1.5,7.6,5.3,9.9,7.2,2.9,1.1,7.4,7.6
868,883,7.5,5.4,3.4,6.3,2.1,9.4,2.7,5.8,6.1,6.8
786,894,5.9,8.3,6.4,8.1,4.7,4.9,5,2.5,9.3,1.9
989,905,3.9,9.9,9.2,6,5.5,3,3.1,5.6,4.4,1.9
935,825,9.8,8,5,1.5,5.8,8.9,3.6,8.4,2,2.7
751,946,2.8,3.1,1.7,7.6,8.7,7.8,1.1,9.8,7,3.7
968,753,7.2,8.5,7.4,6.4,7.5,8.6,7.6,7.7,8.3,9.9
964,947,1.4,3.1,7.8,5.3,3,5.1,9.4,1.8,4.8,3.6
776,914,2.4,6.6,6.8,2.1,8.5,3.3,5,8.6,9.8,5.8
924,997,5.4,3,9.4,5.1,5.1,9,7.1,8.7,4.4,4
814,964,2,9,3,7.5,5.7,1.4,7.6,2.2,2.6,5.2
870,906,8.8,8.2,1.3,6.1,2,8.2,7.2,4.9,8.5,4.9
864,852,8.3,8.3,8.2,6.8,7.6,5.3,4.5,2.8,8.5,3
900,955,6.2,8.6,1.6,6.3,8.2,5,3.9,5.3,4.5,6
986,863,6.9,4.6,2.1,4.7,5.5,2.5,3.3,5.5,7.7,5.1
932,767,5.4,7.6,5.4,8.6,6.6,2.2,9.1,5.5,1.3,4.5
765,990,9.7,4.9,9.9,9.5,8.8,2.1,4.7,5,9.9,1.9
763,972,3.1,2.8,8.3,2.6,2.3,7.9,7.8,9.8,1.5,9.5
953,771,3.3,6.2,8.4,6.2,5.3,1.6,4.7,4.2,8.9,1.4
938,797,4.7,2.2,6.4,4.4,2.9,1.7,3.1,1.4,7.9,7.2
755,981,9.6,4.4,4.6,4.7,3.9,4.7,5.5,7.3,7.2,2.9
983,954,6.4,7.6,1.3,4.3,1.3,7.2,6.4,6.7,5.6,8.2
958,890,5.5,1.2,1.5,1.9,4.8,7.8,3.8,3.6,7,1.9
870,966,2.1,7.4,8.7,8.9,8.4,9.5,3.8,1.8,6.5,7.5
965,946,1.2,8.3,2.9,2,7.2,7.9,1.4,4.6,1.5,2.1
897,882,2.8,4.6,8.9,1.6,7.5,3.9,9.7,3.6,3,6.2
874,819,7.2,8.7,5.7,3.5,3.7,1.6,1.9,2.5,9.4,6.3
803,876,5.7,6.1,2.7,9.1,4.4,7.1,5.5,4.8,4.5,2.4
885,887,1.7,5.4,4.5,6.7,8.6,6,1,3.2,1.8,6.3
917,926,4.4,2.8,8.1,2.4,8.7,7.4,5.9,5.9,8.9,1
890,979,2.5,8.2,3.1,9.7,2.2,2.7,7.7,1.3,6.8,8.8
827,916,8.6,6.4,9,6.5,7.5,3.2,3.5,9.2,3,8.7
872,961,5.3,3.3,6.1,7.8,1.1,3,5.5,1,7.6,1.6
815,753,8.8,2.3,4.3,3.9,7.1,4.8,9.6,9.9,8.5,4.9
864,799,8.2,3.7,7.5,6.4,7.1,6.9,5.3,7.6,8.1,4.8
779,933,4.2,1.7,9.1,4.2,9.4,7.7,3.4,4.4,9.6,7.9
803,811,3.1,9.2,2.6,2.8,9.3,9.5,4.4,1.6,9.3,4.7
864,758,9.8,8.9,9,6.6,6.7,4.4,7.6,7.4,3.9,2.2
754,811,9.6,5.1,3.1,8.8,3.8,9.5,8.9,6,5.7,9.5
940,840,4.6,7.3,6.2,8.9,9.9,5,3.8,2,2.3,3.4
866,821,8.9,9,2.3,8.6,3.9,4.6,1.3,1.9,2.4,2.4
849,803,8,7.5,7.3,5.3,7.3,8.7,7.1,6.2,9.4,6.1
798,786,1.1,5.2,6.8,6.4,6.3,6.3,10,2.4,1.8,8.2
819,931,7.5,4.9,1.3,4.6,8,9.4,1.6,9.2,4.4,8.8
983,861,1.1,5.7,9.2,4.2,6.1,4.3,8.9,3.2,5,1.5
896,777,7.8,8.8,7.3,5.4,6.7,3.6,9.2,1.9,6.2,4.8
974,860,1.1,3.5,9.8,2.7,2,3.8,4.9,2.5,9.9,9.6
882,909,1.3,3.5,6.4,5.8,6.7,3.1,1.1,6.3,9,2.6
962,933,9.9,4.7,6.1,4.1,1.8,2.7,1.8,7.2,5.1,2.9
753,828,6.8,3.4,2.8,4.7,6.4,3.9,2.7,1.9,8.2,6
801,892,5.7,2.7,1.5,7.7,8.6,7.7,1.4,6.9,8.1,2.5
920,965,7.6,8.1,4,8.2,8.9,1.5,3.3,5.9,2.1,5.5
837,990,3.2,1.8,2.4,8.1,6.9,4.4,5,3.3,5.9,7.1
955,904,4,9,8.9,8.6,5.7,5.3,1.3,4.8,2,3.9
879,895,4.9,5.9,4.6,3.7,2.5,9.6,7.7,4.9,9.2,6.7
783,817,1.2,9.9,2.7,6.8,7.8,5.8,1.1,2.8,9.2,3.9
869,802,9.5,7.2,9.6,3.7,4.2,5.6,4.7,1.1,2.6,1.9
948,861,5,2.9,7.8,4.3,6.6,6.7,9.6,1.2,6.2,9.8
909,966,6.2,4.5,7.7,5.5,9.7,4.9,8,7.7,2.2,10
816,791,5.7,5.8,6.4,1.4,7,7.7,3.9,6.7,1.7,6.2
855,775,2.1,5.1,7.2,2.5,9.6,1,6.9,5.1,6,4
807,787,8.6,5.7,3.1,8.7,9.5,3.5,9.9,3.8,7.7,9.5
767,886,2.8,3.1,3.1,9.1,6.2,7.4,5.5,1.7,9.5,2.5
794,985,1.3,8.1,8.7,6,6.4,6.3,2.2,3.9,8.2,3.2
872,752,2,4.5,2.6,5.2,6,9.1,4.3,3.4,9.1,9.3
825,919,1.2,7.2,6.8,2.1,5.1,6.8,1.1,7.9,7.3,8.2
916,844,4.4,9.7,2.7,4.2,3.9,9.6,5.9,5.1,1.4,8.1
842,816,1.4,1.5,8.1,3.7,3.4,1.9,1.6,6,8.2,3.5
865,796,1.5,8.9,2.3,8.9,4.2,9.5,4.5,8.8,8.3,7.5
955,812,7.2,5.3,2.9,3.8,2.2,3.3,7.4,8.7,4.7,5.7
880,765,9.5,3.5,3.6,6.6,3.6,1.6,5.5,7.6,7.8,6.4
818,823,6.6,6.5,3.2,8.7,9.8,5.1,3.2,5.8,1.4,1.1
814,754,5.4,6.3,6.9,6.8,3.2,8.5,3.2,9.5,2.1,9.6
914,946,8.7,3.2,2,8.8,7.7,8.4,3.3,8.6,9.7,1.3
990,995,3.7,1.3,2.4,9.4,3.6,7.5,2.7,2.4,8.3,7.3
795,955,7.8,1.1,4.8,4.6,8.8,8.7,5.1,1.7,7.7,2.1
820,947,1.4,3.2,9.4,1.3,6.9,7.7,6.7,4.4,4.7,7.6
780,888,4.6,5.2,2.9,9.4,8.3,5.4,5.9,8.1,2.2,9.5
858,933,4,6.2,4.5,8,6,4.3,3.5,4.6,8.7,4.5
933,831,3.8,7.3,7.2,8.8,8.3,6.9,9.1,5.1,6.4,5.5
810,986,9.8,7.8,4.9,5.2,1.3,3.7,5.3,8.5,3,1.8
990,801,8.8,1.8,4.9,8.3,7.1,5.8,5.5,3.8,4.4,1.7
751,996,6.2,6.9,7.3,2,1.6,6.1,3.7,9.4,7.6,7.6
829,926,4.9,8.4,5.2,2.5,6.6,1.3,1.7,1.6,6.5,9.9
811,978,9.1,1.9,6.8,6.9,9.8,8.3,8.4,7.9,5.8,3.9
876,767,4.6,4.4,1.2,2.9,7.6,4.3,9.5,8.8,8.8,7.6
968,828,5.8,1.4,5.1,3.7,5.2,1.5,9.6,7,5.1,5.6
939,786,7.8,3.2,3.7,1.6,3,9.5,8.9,4.2,3.1,6
895,769,5.6,9.7,1.3,5.3,4.8,5.5,1.6,4,3,7.5
865,830,6.7,6.9,3.6,2.8,7.8,9.6,6.4,1.8,3,2.1
756,815,6,2.2,8.9,7,5.8,8.4,6.6,7.4,2.9,4.1
903,793,6.8,1.4,1.3,4.7,7.7,1.7,5.9,9.3,3.8,3.1
975,869,7.6,4.1,6,4.4,6.9,7.6,4.3,8.3,3.4,5.5
988,781,2.9,2.6,1.1,8.4,1.4,8.3,5.9,9,2.5,3.9
977,955,1.4,4.6,7.2,4.9,8.2,8.7,4.1,5.9,6.1,3.9
892,981,3.7,4.5,7.8,4.2,5.7,4.1,6.3,7.4,4.8,1.1
848,787,8.5,7,7.6,7,4.9,8,5,7,8.9,3.9
964,845,1.9,8.4,4.1,4.1,6.8,7.3,4,9,8,5.8
877,885,1,3.9,7.5,1.2,3.2,5.9,2.4,9.2,8.5,7.3
992,891,4,8.6,7,2.8,4.5,9.4,9.6,4.6,7.7,3.7
965,906,2.5,5.3,2.8,6.6,8.5,3.4,1.6,6.2,9.7,2.9
777,871,2.6,3.4,3.5,4.3,6.7,6.2,3.6,1.1,8.3,5.1
871,942,9.5,8.2,3.6,4.4,6.4,1.8,3.2,5.4,9.5,1.8
857,950,6.8,7.6,9.7,7.5,5.3,3.9,4.4,1.6,6.4,5.8
798,752,6.4,4.5,9.9,9,3,1.5,6.3,1.6,4.8,6.7
785,826,4.1,6.3,9.7,1.6,9,8.9,7.2,2.4,8.1,7.1
984,819,2.3,3.9,8,2,3.4,2.3,5.5,1.4,1.5,5.7
947,807,7.3,9.9,9.2,2,9.3,4.2,7.1,5,5.8,2.4
908,771,2.2,5.8,1.7,4.8,2.6,7.6,7.4,1.3,1.9,2.7
912,771,1.6,9.4,3.2,7.1,7.1,9.9,4.7,8,6.4,6.8
821,827,5.7,2.8,4.8,5.7,5.7,1.3,4.9,4.9,8.9,9.7
849,977,5.7,7.4,9.7,5,9.1,6.6,7,6.4,8,2.2
893,848,5.2,2.9,5.7,7.7,5.8,7.4,7.3,8.7,9.1,7.1
957,909,1.5,10,5.2,4.6,1.3,4.8,2.4,3.2,2.9,6.8
763,834,8.2,3.2,2.1,8.1,3.3,7.4,7.6,1.9,9.6,3.8
813,779,6.7,2.1,3.6,2.1,7,7,4.6,4.3,6.1,5.3
909,899,1.5,3.2,8,3.4,4.7,2.2,7.2,1.6,3.3,9.3
853,998,9.8,2.9,6.2,7.4,3.4,5.2,1.8,5.9,5.6,7.9
977,825,6.6,5.6,5.2,6,9,4.1,6.9,1.2,4.8,3.3
824,767,3.4,3.3,7.1,2.7,1.5,6.1,8.4,6.5,9.2,1.1
771,839,4.7,6.6,9.2,4.8,8.9,6.9,4.2,3.9,5.5,4.6
951,845,8.1,4.3,4.3,3.9,6.1,1.7,5.1,4.2,3.5,7.5
923,930,3.9,2.2,8.3,5.5,8.3,1.6,5.6,4.2,9.5,4.6
835,863,2.5,2.8,5.2,2.2,7.3,5.8,1.7,7.1,3.5,4.9
896,926,5.1,5.7,9,9.8,4.1,6.3,5.9,2.7,1.3,3
979,958,9.5,2.1,5.2,4.2,7.9,8.6,6.5,6.5,6.2,2.4
943,875,6.9,3.3,7.6,2.8,2.8,3,5.8,3.9,8.3,8.6
939,977,2.7,4.7,3.2,3.8,1.6,9.8,3.7,7,3.3,8.5
853,972,1.3,2.9,7.3,8.1,9.4,5.4,9.5,3.7,9.9,3.4
824,814,5.1,2.9,2.9,7.9,2.4,2.6,7.1,5.4,8.1,3.6
893,752,1.8,3.2,6.4,1.6,6.6,4.3,3.6,3.3,2,9
923,846,7.9,5.8,1.5,6.8,4.3,8.4,4.5,2.8,7.9,8.1
787,984,3,4.8,9.3,3.3,5.5,4.1,7.3,2.7,5.4,3.3
832,819,2,9,6.4,1.8,1.2,9.5,5.6,7.7,7.9,8.8
767,776,9.8,5.7,3.1,4.8,9.7,5.4,5.6,8,3.7,2.2
894,915,4.7,5.3,4.3,9.4,3.9,6,2.3,9.5,4.9,5.9
803,846,9.6,8.4,7.9,4.2,3,1.5,3.6,4.6,1.7,2.4
977,913,2.6,10,9.7,6,9.7,2.7,1.4,3,7.9,9.1
754,993,2.1,9.6,5,2.2,8,6.1,8.2,5.6,2.3,6.9
800,838,5,5.3,2.3,7,4.8,7.9,2.6,7.8,1.1,6.8
758,937,9.1,4.8,7.6,9.7,1.5,8.3,9.6,6.7,9.7,8.6
893,758,4.5,2.5,7.5,6.8,8.9,3.9,9.2,8.5,6.5,2.9
847,789,3.1,8,9.5,7.5,10,6.1,5.7,5.5,3.6,9.4
909,983,1.3,8.3,5.3,7.3,2.3,1.4,8.1,7.5,9.9,7.6
934,884,5,6,8,6.5,1.5,2.9,1.1,8.2,1.1,1.6
912,774,4.4,1.3,5,2.4,6.4,9.2,5.1,3,2.8,1.6
831,854,6.2,4.6,6.7,8.6,3.6,6.7,2.6,8.7,5,8.2
973,956,1.3,6.8,2.3,8.7,7.7,1.9,7.6,4.7,9.4,2.5
902,773,4.9,2.6,9.3,7.1,7,9.2,3.4,5,8.3,6.9
813,927,2.4,3,1,9.7,4,9.8,8.4,8.4,1.2,8
914,916,7.2,6.3,3.2,4.3,9.9,8,4,8.9,1.4,5.1
920,839,6.9,7.4,5.3,8.4,3.7,1.9,5.2,4.7,6.9,3.2
969,942,9.5,1.4,3.2,9.1,6.7,3,4.5,2.1,10,3.6
893,935,9.2,2.4,4.6,9.4,6,4.2,1.3,4.5,4.1,2.5
815,758,6.9,4.4,8.1,6.6,3,3.2,7.3,1.3,4.4,6
980,828,5.2,5,7.8,2.2,7,8.4,9,9.3,1.3,5.3
819,859,7.7,6.2,9.7,5,1.4,7.7,8.7,9.1,9.2,8
874,897,7.5,1.9,6.2,9.8,8.4,5.2,10,9.7,6.1,4.6
806,953,4,6.6,9.2,3.8,1.2,8.1,2.1,2.6,3.5,4.6
973,875,6,1.9,3.1,6,5.4,4,2,8.4,4,3.4
943,776,3.9,5.7,1.5,6.8,8.7,8.7,4.6,4.9,3.1,2.2
805,891,4.9,1.1,6.1,1.4,8.5,8.3,9.6,9.5,7.7,6.3
867,871,4.1,3.7,1.5,5.8,8.4,8.9,4.2,9.6,9,1.3
979,778,6,1.3,2.9,3.4,5.1,5.2,4.6,6.3,9.4,3.7
952,932,3,9.4,8.9,5.5,5.2,8.8,4.8,8.7,9.1,3
918,929,2.8,5.1,5.8,6.3,10,8.7,8.6,4.5,4.2,7.1
752,858,3.9,9.9,9.1,2,6.3,8.2,9.5,2.6,2.1,5.2
894,780,7.4,1.6,5.6,6.2,7.2,5.5,1,3,9.2,4.1
959,991,3.2,1.8,2.9,2,2.6,3.7,9.1,8.8,4.4,8.2
933,972,8.1,2.3,5.4,2.5,5.8,8.4,9.6,3.7,7.5,2.9
957,820,1.6,9,2.8,5.1,9.5,3.8,4.6,6.1,2.7,3.8
957,817,3,9.5,8.4,2.5,2.1,6.3,7.6,8.4,8.3,3.8
930,791,7.3,6.5,6.3,5.7,5.5,6.9,8,6.5,2.6,6.3
909,756,4.4,4.4,1.4,7.7,4.6,2.8,5.3,8.2,5.4,1.6
776,928,5.5,6.8,7.4,7.5,3.8,9.5,3.4,6.5,2.5,6.4
893,788,4.2,2.8,1.7,4.6,7.2,9.3,2.6,7.6,1.3,3.6
831,805,9.8,2.6,8.2,4.4,3.6,9.4,8.1,6.5,5.7,3.7
773,958,7.4,8.5,5.6,2.8,4.5,2.8,2,8.3,1.2,7.9
911,946,5.9,7.1,2.7,5.2,7.5,3.2,8.8,3.4,6.2,5.4
935,830,8.2,3.2,3.4,5.1,7.4,7.2,7.4,3.2,7.1,6.1
908,813,5.2,1.5,5.2,1.1,8.5,9,4.8,8.4,7.6,3.4
836,919,3,5.5,5.5,4.4,1.5,6.1,9.5,7.8,1.7,4
914,765,9.5,3.8,9.8,3.2,4.5,6.8,7.8,1.7,5.8,8
980,923,5.7,6.8,6.5,5.5,4.7,9.8,4.3,9.3,3.2,3.2
785,859,4.3,1.5,9.1,2.3,9.1,9.8,9,9.9,4.1,9.1
935,927,5.9,4.7,3.3,7.8,2.6,5.1,9.9,7.2,5,1.2
806,830,9.3,4.1,1.6,4.1,3.8,3.2,3.2,3.2,6.7,2.8
847,766,9.9,1.3,1.7,3.6,1.1,6.5,8.2,9.6,3.1,2.5
963,816,8.5,4.4,8.8,8,6.9,7.5,4.4,2.9,7.7,8.7
837,755,6.6,3.1,8.4,2.4,9.2,3.9,5.7,3.1,3.2,7.8
838,872,5.5,1.9,5.1,5.5,2.5,9.8,4.4,3.8,6.7,9.6
889,949,5.3,4.9,1.5,1.3,7.8,1.7,6.5,8.9,5.8,3.6
761,805,4.4,2.7,6,2.2,9.3,5.7,5.2,5.1,8.6,3.1
829,936,7.7,4.9,6.8,1.3,6.1,9.3,3.8,2.2,7,9
892,988,4.3,6.8,8.9,3.7,8,9.4,6.8,8.6,2.1,1.3
866,911,3.1,9.3,5.6,4.6,5.3,6.2,6.5,8.2,6.6,2.9
933,884,1.1,2,2.8,8.9,8.8,5.4,4.4,5.5,1.1,9
941,975,4.1,6.5,6.4,5.2,6.9,4.2,9.1,5.7,9,1.1
928,808,1.7,9.7,1.1,6,3.1,3.8,8.3,2.1,4.7,5.7
912,932,4.5,4.9,4.8,2.5,3.2,6.6,7.8,2,5.5,8
803,870,2.5,8.9,8.1,5.6,1.2,3.6,5.8,7.4,1.5,5
831,800,2.2,4.1,7.6,3.8,6.8,6.1,4.5,6.9,7.8,9.1
770,906,1.7,1.7,5.5,8.8,6.4,8.1,4.9,1.3,6.9,4.8
882,879,2,1.7,6.6,2.5,1.2,1.5,5.4,9.7,3.8,5.1
794,874,4.9,6.4,6.8,4.5,9.5,4.3,7.5,6.2,2.1,4.6
995,817,9.8,8.7,1.1,3,3.6,2,3.1,5.6,6.5,9.8
874,790,1.4,6,3.2,5.9,5.9,8,5.4,2.4,8.7,1.9
962,890,9.5,6.7,4.2,8,2.3,5.4,9.3,2.4,7.8,4.1
752,981,3,2,7,9.9,6.7,7.5,6.8,6.7,8.8,2.7
971,986,7.8,2.6,3.2,9.4,4.3,6.1,4.5,3,5.5,4.2
937,954,2.8,2,3.8,7.7,6.1,1.1,5.3,3.9,4.2,2.3
887,797,2.9,3.9,5.5,5.1,6,1.3,7.6,1,6.7,3.5
840,895,1.5,7.9,8.1,6.4,7.2,6.3,5.7,9.9,7.1,6.3
954,779,1.7,1.5,6.2,3.1,1.3,9.4,8.9,1.2,5.5,4.3
882,914,1.9,9.6,1.4,6.6,7.2,8.1,4.9,1.6,5,8.1
801,810,1.3,6.2,2.9,9.6,7.6,8.3,3.6,2.1,6,3
989,795,1.1,5.5,4.1,1.3,9.4,4.2,9.4,1.5,3.2,7.5
935,777,7.8,4.8,8.3,9.8,7,7.3,8.9,5.4,9.6,9.9
985,786,2.7,5.2,2.9,6.6,3.5,3.4,4.6,6.4,8.1,5.7
952,932,6.2,7.7,8,3.7,5.8,6.1,9.8,2.6,2.7,7.2
762,832,8,4.5,3,9,9.2,3.2,8.4,5.6,6.7,7.4
844,990,7.9,3.9,7,5,1.8,4.1,6.3,4,2.5,9.6
835,873,4.5,6.8,9.7,8.8,8.9,5.7,9.6,7.5,2.2,3.1
868,952,6.7,7.5,7.5,4.7,1.4,1.7,2.8,2.4,2.3,5.9
820,973,2.2,5.7,4.4,8.1,8,7,8.7,5.3,9.8,5.1
848,798,3.3,3.5,6.4,9.8,3,9,9.9,9.5,6.4,5.7
956,825,6.8,9,9.5,8.3,9.7,1.1,6.8,9.7,1.8,7.3
838,852,8,9,3.2,7.6,5.8,2.7,7.6,7.4,9.2,7.5
899,818,3.9,5.2,4.9,4.2,3.5,1.9,4.2,8,8.9,4.1
870,794,1.3,4.7,2.8,7.4,9.7,5.1,9.1,3.2,3.4,9.7
834,780,8.2,9.5,9.6,2.1,9.5,5.6,4.3,1.3,6.7,1.3
954,832,2.1,8.3,7.3,2,5.8,9.1,9.9,6,6.6,2.9
836,888,3.6,9.8,1.2,5.6,4.7,6.9,7,9.5,8.5,8.1
796,787,7.3,2.7,3.5,3.5,2.4,9.6,9.9,1.9,9.1,9
852,841,5.3,2.9,8.2,5.2,8.7,1.4,8.4,1.2,8.7,8.1
790,779,3.1,7.4,4.9,2.4,6.9,6.1,6.4,6.4,7.1,8.8
919,793,9.5,3.6,6.8,6.6,3.8,2.2,1.2,10,2.3,6.4
798,898,7.2,1.4,6.1,3.5,2.3,6.6,1.7,6.3,8.7,1.6
953,772,1.7,2.3,7.7,4.4,4.2,1.2,9.1,7.8,6.7,9.3
758,892,1.5,9.2,4.8,8.8,4.1,1.4,5.2,8.5,9.5,1.6
832,978,3.3,8.6,9,8.7,9.3,8.2,1.3,8.7,4.7,2.7
943,785,2.8,6.6,7.8,5.7,7.6,9.9,8.3,1.3,4.9,8.3
878,859,9.8,7.7,2.6,5.3,5.2,3.9,1.2,3.9,1.7,6.8
969,919,2.6,8.8,9.8,1.5,4.5,7.2,7.8,5.9,7.6,8.5
954,986,4.3,1.6,8.2,4.9,2.3,6.7,1.3,5.3,6.4,5.2
860,895,1.1,3.1,7,8.3,3,7.7,4.8,3.1,1.5,1.6
915,901,3.5,7.1,3.3,1.8,2.5,8.7,6.4,7.1,5.4,9.7
773,988,3.2,1.1,5.7,6,7.9,9.8,9,6.5,8.6,1.1
754,779,1.3,9.2,3,7.7,2,5.3,7.9,2.6,3.7,3.9
866,860,6.1,9.1,6.9,3.8,1.6,4.8,8.8,2,6.6,7
815,955,2.5,8.5,1.9,8.5,9.1,4.5,5.4,9.1,8.4,4.8
840,758,5.2,4.6,6.6,2.7,7.4,7.1,9.3,7.6,8,8.5
814,950,4.9,1.7,2.9,8.3,4.3,8.5,4.1,5.2,6.8,5.4
807,759,9.9,5.9,6.1,3.7,3.6,4.6,5,8.3,3.8,1.9
868,899,9.4,6.4,8.3,1,3.9,6,9.9,8.7,6,5.2
809,927,3.5,8.3,3,2.9,6.3,4.1,2.8,5.4,8.7,4.8
820,804,2.1,4.6,1.6,9.2,4.8,9.1,7.8,5.3,8.9,9.6
955,841,8.4,6.1,9,8.8,7.7,1.6,9.9,2.2,4,9.1
821,852,4.9,7.3,2.9,1.2,8.2,5.5,7.6,2.4,3.4,5.2
801,810,3.3,5.9,8.1,3.7,7.7,7.9,5.7,1.5,5.5,1.7
946,857,7,3.7,4.5,2.7,9.1,6.2,5.5,7.4,9.9,2.1
906,937,9.3,7.7,4.4,9.2,7.8,1.7,2.3,5.5,5.8,3.6
986,884,2.5,3.5,6.7,6.4,9.7,7.5,6.8,1.1,8.2,6
829,759,4.3,3.1,4.8,10,8.4,7.3,6.1,1.8,4.4,2.5
822,752,6.4,7,3.9,8.3,1.6,2.7,5.4,5.3,6.8,1.4
783,966,9.4,4.4,5.1,1.8,5.6,4.4,9.7,9.9,8.4,1.1
855,768,7.8,6,10,2.9,9,3.1,3.2,8.3,2,3.3
944,849,5.2,9,3.1,3.2,2.3,6.4,6.1,3.7,4.6,2.9
985,963,6.3,1.2,4.1,1.3,6.6,7,6.2,2.5,7.6,9.3
938,989,8.1,5.4,10,5.6,5.2,1.6,8.7,3.4,4.4,5.7
842,988,5.2,5.3,2.5,9.9,3.7,6.5,3.1,8.8,4.6,6.5
903,809,5.2,6.7,8.3,7.9,8.8,1.3,4.1,1.8,7.5,4.1
981,851,9.8,9.5,1.9,1.5,3.1,1,8,7.4,8.4,3.2
840,814,9.6,5.5,1.8,4.6,9.4,2.1,8.1,5.5,8.2,1.3
966,850,9,7.1,6.5,6.7,2,2.8,9.8,3.9,7.7,9.2
793,970,8.3,2.4,1.9,2,6.2,1.3,3.1,2.9,8.2,8
829,877,7.3,2.6,3.9,5.4,2.5,7.1,1.3,6.7,9,6.7
886,916,2.1,6,9.1,8.7,6.8,9.1,2.6,7.8,9.2,5.8
947,939,1.2,4.5,8.7,5,6.8,5,7,8,5.3,6.9
761,785,2.7,3.5,6.6,6.4,5.2,5.2,7.2,6.4,4.3,9.6
776,763,6.9,5,4.5,3,4.4,1.1,8.4,5,1.9,5.6
790,980,7.9,6.2,3.6,10,5.6,10,7.7,2,7,7.2
903,857,9.1,4.1,6.7,3,4.9,7.8,1.7,4.5,6.1,6.4
812,920,8.9,6.8,9.6,1.8,1.4,2.1,10,3,2,7.7
896,832,8.6,6.5,2,6.1,2.7,6.9,7.7,5.8,8,9.7
772,783,2.9,3.1,9.9,9.8,1.4,2.5,6.1,9.1,1,9
913,945,6.9,6.6,5.4,3.4,2.7,9.7,5.1,1,6.1,5
944,909,4.1,9.6,5.5,3.1,2.1,6.2,9.3,2.1,4,1
931,857,4.8,6.5,4.3,4.7,3.3,4.3,9.2,7.9,1.3,1
831,775,7.5,5.1,7.7,8.4,4.1,3.5,3.4,4.3,9.4,8.6
896,969,9.5,4.7,6,7.4,4.4,4,7.7,3.9,1.1,5.7
778,937,7.7,3,2.7,2.6,6.7,8,8.6,7,6.5,9.1
879,786,9.3,3.6,5.9,2,1.5,4.9,9.3,5.1,7.4,6.8
761,796,6.2,2.1,2.5,2,5.7,4.4,4,1.7,4.5,2.1
753,950,9.8,2.2,8.2,2.5,7.9,7.3,1,7.8,1.1,2.7
835,832,9.1,8.7,6.3,6.8,9.2,1.8,7.6,4.3,8.3,8.6
948,996,1.7,8.1,5.3,5,3.4,4.3,3.3,9.1,2.4,1
794,812,4.9,1.5,4.5,7.3,4,3,5.3,2.5,2.7,2.5
998,976,9.8,9.4,9,6.1,8.4,6.5,4.8,8.5,4.4,6
853,869,3,3.1,2.6,7.4,6.8,1.6,5.2,5.3,7.4,3.7
917,839,4,2.8,4.9,8.3,3.6,7.6,9.2,6.7,3.7,2.8
899,877,2,6.2,3.7,2.1,8.6,4.4,1.8,7.1,5.5,4.4
983,976,9.3,8.4,6.9,6.4,1.5,1.7,1.6,7.2,6.5,7.1
912,777,4.6,4.4,1.7,2.6,2.8,3.3,3.4,4.1,2.4,5.8
998,800,7.7,10,8.4,4.6,1.7,8.5,1.2,3.1,8.4,6.5
905,938,4.3,5.6,6.6,2.1,3.4,1.7,4.1,7.8,6.4,4.7
871,756,7.4,5.7,6.5,3.3,8,4.3,8.3,8.9,1.2,5.6
824,800,9.4,9.8,2.4,3.3,7.1,3.6,7.2,1.7,4.4,7.6
993,926,3.4,8.1,1.5,1.4,8.3,8.2,3.7,5.6,8.2,3.6
775,805,7.2,6.6,8.2,1.8,5.3,8.8,4.2,10,9.8,2.2
808,988,8.6,2.7,4.5,4.3,3.4,4,1.6,8.1,1.7,1.2
783,796,2.9,1.2,5.3,9.7,8.2,8.2,7.9,4,9.7,1.4
846,760,2.3,8.8,6.8,9.9,8.3,6.5,4.5,2.3,9.2,6
919,893,8,4.9,7.6,2.2,4.2,3.9,7.8,2.9,9.6,9.6
765,895,2.8,5.6,7.7,9,9.2,8.6,3.4,3.1,4,7.4
817,788,1.8,8,4.3,3.7,1.2,3.2,5.5,4.6,9.9,9.1
798,862,9.7,4.6,6.3,4.8,2.8,5.9,4.6,3.9,1.7,7.1
965,968,1.9,3.7,6.9,7.4,9.3,3.4,2.7,6.9,5.1,6
855,827,5.2,2.6,8.7,8.7,4.6,9.2,5.5,1.9,5.4,8.7
894,947,1.2,1.1,7.2,2.1,3,5.8,3.5,3.6,3.1,2.5
829,862,1.6,1.5,9.3,2.7,4.7,4.3,2.4,5.5,8.5,7.4
918,876,9.3,7,9.1,8.1,5.9,1.6,7,7.9,3.5,7.1
814,871,9.9,7.5,9.2,2,4.6,1.3,6.8,6.6,2.6,5.4
905,899,2.8,8.7,2.1,5.4,9.5,3,4.2,4.2,4.3,4.8
798,807,2.9,8.6,4.9,4.6,2.8,3.7,9.4,6,4.3,8.4
889,765,8,7.9,3.9,1.3,5.7,2.8,1.4,2,1.1,4.9
931,917,7.8,7.6,5.7,4.5,2,2.8,2,8.2,4.5,8.7
902,874,9.8,4.2,6.6,5.5,1.1,7.3,6,5,1.4,4.5
973,781,6.5,4.8,5.3,3,9,7.2,9.8,2.7,2.2,8.4
776,951,2.1,8.9,7,6.6,4.6,1.5,7.3,4.7,2.5,7.7
909,805,2.9,2,7.5,7.8,6.3,1.6,6,3.4,9.2,4.8
928,954,2.7,3.1,5,8.1,2.1,7.6,1.5,7.1,9.3,9
801,762,5.4,9.1,5.7,5.6,4.6,2.3,2.4,3.5,2.4,4.6
954,869,7.3,3.8,7.8,9.4,2,8.3,9.9,4.5,7.5,4
885,890,4.6,3.7,1.1,7.2,8,3.3,9.1,5.1,4.6,6.4
866,898,7.7,1.6,6,3,1.5,3.5,4.1,6,7.7,1.2
919,989,4.8,8.4,7.5,8.4,6.3,3.6,5.1,3.7,9.6,5.8
870,996,5.2,5.2,2.2,3.4,3.4,8.1,6.4,6.1,6.7,9.2
871,992,6,1.5,4.4,1,5.1,8,2.8,1.9,5.9,2.7
869,983,3,5.6,1.8,7.1,1.7,8.6,5.1,4.4,1.6,9.4
997,917,9.7,2.7,4.5,7.8,6,6.4,5,9.6,1,8.7
928,771,5.4,3.2,4.9,3.5,1.4,9.4,3.1,3.8,8.8,3
816,980,6.6,8.8,5.6,8,4.7,8.5,9.4,5.8,6.4,1.6
852,986,9.9,6.9,4.4,6.2,7.5,2.5,3.8,3.7,8.3,6
902,877,8.1,7.4,7.5,2.9,7.4,6.3,5.4,2.3,4.8,1.6
910,914,2.7,9.8,8.3,6.1,9.1,3.6,7.8,2.6,4.1,9.5
799,994,8.3,5.2,6.4,3.5,6.3,3.4,1.9,1.8,5.8,7.1
774,851,6.3,7.6,2.5,6.8,1.3,5.6,3,8.2,6.5,8.6
996,884,8.5,6.2,7.2,7.8,4.5,1.8,6.8,6.8,4.5,5.8
805,956,9.1,4.2,2,5.1,7.6,6.1,6.6,6.1,2.5,9.1
914,851,1,3,7.8,9.7,4.1,2.6,4.8,4.8,5.4,9.9
894,990,5.6,3.2,2.5,3.9,6.6,5.3,4,8,4.1,4.9
881,947,7.6,1.8,6.5,5.2,6.9,9.9,3.6,1.1,8.7,7.7
798,855,9.6,2.2,3.1,9.6,6.5,2.2,6.8,2.2,3.9,3.6
760,906,4.4,5.3,3.4,6.5,8,2.8,7.9,3,2.1,9.8
933,778,2.3,3.8,4.5,1.7,8.3,6.9,8.3,8.8,5.3,7.1
894,797,8.3,2.8,7.4,7.9,7.2,5.8,7,8.9,1.8,4.8
975,961,8.9,5.6,6.1,7.1,8.5,4.3,8,4,9.1,2.9
862,867,8.4,3.7,5.1,7.5,7.4,9.5,5.1,3.3,5.4,5.9
813,878,9.2,1.4,3.7,5.6,7.1,1.8,7.8,9.4,1.8,7
815,971,7.4,3.4,7.5,8.1,6.9,9.8,3.5,9.8,8.6,4.4
862,777,2.9,9.7,7.3,2.9,7.9,4.6,2.8,2.7,9.1,8.9
929,911,1.1,6.9,9.8,3.3,6.7,1.5,7.9,2.7,7.5,3.4
897,816,3.3,6.1,6.3,9.6,5.4,3.7,2.1,2.2,6.4,5.6
877,942,2,9.3,8,8.1,1.7,5.5,8.6,7.3,2.3,6.6
876,938,2.4,2.5,5.6,8.2,7.6,1.6,7,2,1.8,3.3
769,810,3.8,9.9,6.2,6.6,6.3,2.9,8.7,2.2,7.3,2.9
836,951,4.7,9.4,1.5,1.6,5.6,2.3,5.8,7,2.7,2.1
929,915,9.1,8.5,3.5,7.7,7.1,8.8,7.1,1.7,8.8,3.5
810,819,1.1,6.7,2.1,7.1,2.8,1.4,6.1,1.5,2.1,2.7
991,865,8.9,2.9,9.2,6.6,1.9,1.6,4.7,2.1,1,4
899,854,8.6,1.4,4.2,1.9,2,7.8,2,1.1,8.7,7.3
912,879,1.6,3.4,6.3,8.9,2.6,2.5,1.6,2.2,9.5,8.9
827,896,9.5,1.5,9.5,6,1.1,5.4,1,2.1,1.6,6.4
775,980,9.5,1.7,6.8,3.7,9.2,9.9,1.9,8,6.3,5.1
974,859,8.1,5.7,5.2,2.1,7.6,5.2,4.4,3.2,6.1,1.9
951,834,8.3,9,3.9,7.6,2,2.4,8.7,2.9,4.8,8.9
821,950,7.3,4.4,6,4.7,8.8,8,1.6,1.8,9.9,1.4
943,954,9.4,9.8,2.7,8,7.1,4.1,8.7,3.2,3.3,1
893,861,9.8,8.3,3.7,8,5.1,8.9,7.1,6,8.5,2
752,927,7.1,6.7,4.6,2.5,3.8,8.5,9.4,7.3,4.4,2.9
902,799,5.2,9.1,3.3,5.1,4.3,9.7,8.4,7.3,2.2,1.6
945,925,10,4,8.9,9.5,4.5,6.9,9,2.3,8.4,5
895,777,7,1.3,5.6,2.4,4.4,5.4,1.4,4.9,4.3,4.8
790,971,5.6,1.9,2.3,7.2,3.7,7.8,7.1,7.9,6.3,5.4
991,856,5.6,6.7,2.4,5.9,4.6,6.8,5,4.5,8.7,7.1
968,930,7.2,5.7,2.8,8.9,4.2,1.8,1.9,4.9,9.3,9.6
791,781,1.8,1.7,4.4,6.6,3.8,4.1,3.6,6.1,9,4.5
756,775,1.8,4.8,2.8,3.3,6.7,9.1,7.9,2.6,3.5,6
880,846,5.3,3.3,7.1,3.4,5.7,8.8,1.6,4.5,5.9,6.5
878,944,6,8.2,4.6,5.6,3.7,1.3,4,8.5,4.3,8.3
966,799,9.1,3.9,9.6,9.4,8.3,2.6,8.7,3.8,5.8,7.7
811,935,5.2,2.6,1.8,3.2,9.9,6.1,2.5,6.3,10,6
910,968,2.2,8.3,7.4,1.3,3.7,6.8,2.5,5.9,8.2,8.3
818,849,1.9,7,7.6,4.2,1.7,4.5,6.7,7.2,4.3,3.8
923,841,5.9,8.3,5.4,5.8,8.7,6.4,7.5,2.2,1.7,8
974,794,9.6,8,9.6,9.5,2.4,9.5,5.9,2.6,1.7,5.3
906,946,8.8,5.5,3.3,9.1,9.6,7.5,9,7.5,7.6,2.2
794,909,7.3,7.1,5.7,8.8,1.9,7,5.1,9.6,1.4,5.8
972,946,2,4.1,3.3,2.8,9.1,5.5,4.8,2.8,7,1.6
824,953,7.1,6.4,9.1,5.3,3.4,2,2.9,4.8,6.8,3.3
881,871,6.1,1.7,3,8.5,3.1,7.3,8.1,5.6,8.8,4.9
781,919,7.5,5.5,9.2,1.5,1.6,2.7,6.3,9.6,7.6,8.5
986,994,8.7,4.3,2.8,8.8,9.3,9.9,1.6,9.5,9.6,3.3
756,833,7.5,4.8,4.6,4.8,2.6,6,7.9,7.7,3.3,4.7
794,876,8.9,3.8,2,8.4,5.2,8.5,4.7,7.9,8.8,9.8
913,878,4.8,4.3,6.7,1.8,1.4,6.5,8.1,7.9,5.1,8.8
760,855,4.9,2.8,2.1,3.6,1.1,7.9,4.4,4.2,7.9,2.1
764,986,2.8,3.7,3,5.1,9.5,1.1,10,5.9,9.7,7.5
849,799,4.2,7.6,2.4,2.3,7.9,2.3,5.2,9.1,7.8,3.6
838,876,2.2,8.4,5.3,6.1,1.6,6.5,7.7,1.4,7.8,2.2
993,955,3.5,5.5,5.5,5.5,1.6,3,2.3,1.4,7.8,5.1
902,873,9,5.8,4.4,4.7,9,2.7,9.4,5.6,3.6,3
921,985,9.9,6.7,4,8.5,3.6,8,2.2,4.9,3.7,5.9
888,886,7.5,7.3,1,5.1,2.2,7.3,5.2,6.4,1.7,9.2
811,802,4.1,3.9,1.8,2.9,9.4,4.1,7.8,9.7,3.5,2.6
894,968,7.5,5.4,9.5,8.5,9.8,9.7,3.6,3.3,10,2.9
796,824,4.1,9.6,1.8,8.6,6.1,3.9,1.7,6.7,8.3,7
955,905,1.8,1.7,5.4,8.5,2.7,9.7,4.5,5.3,9.3,1.9
896,809,8.3,5,4.5,2.6,7.1,2.7,9,8.7,7.3,4.8
860,826,1.5,2.3,4.7,4,3.8,2.2,1.7,3.1,1.8,1.2
879,916,9.5,3.3,4.2,9.9,3.7,4.1,5.2,1.9,5.5,6.7
847,954,8.5,5.9,8.7,4.4,9.4,6.5,9.5,6,7.9,6.7
821,812,8.2,9.5,1,2.9,8.8,2.7,9.1,2.7,2.6,9.7
991,989,1.2,2.9,1.8,2.4,8,4.7,4.7,2.1,1.3,3.2
891,882,5.1,3.2,9.2,7,8,2.6,7.4,8.1,4.9,9.1
783,770,7.1,5.8,3.9,1.1,7.2,1.3,9,2.1,5.3,5.5
912,908,7.4,7.7,6.7,2.4,5.4,9.4,2.1,7.9,2.3,1.3
877,946,8.6,7.4,6.9,6.6,1.3,9.5,1.8,1.9,7.4,8.6
853,891,6.6,4.6,5.1,6.6,6.1,5.3,8.1,1.1,8.1,2.8
965,909,1.3,5.8,7.6,5.2,3.1,5.9,7.9,7.2,8.2,9.2
964,850,6.3,6.1,2.7,9,6.7,9.3,8.7,1.4,5.8,1.8
992,922,3.2,7.4,9.8,7.3,1.7,3.5,4.7,9,9.1,6.3
994,968,1.6,1.4,6.8,8.1,9.5,9.3,7,7.3,5.2,2.8
790,825,7,3.8,8.4,7.5,3.7,3.6,6.6,6.2,3.9,9.5
791,797,1.9,8.5,1.6,1.5,5.1,7.4,9.2,2.2,1.3,8.6
806,947,2.9,8.4,1.6,5.2,8.4,1.9,8.8,5,1.5,4.8
777,989,5.1,3.6,1.1,2.5,3.1,6.8,1.2,8.6,3.6,9.3
923,933,4.9,1.8,7,3.6,3.2,4.6,3.4,6.5,5.8,9.8
880,808,5.1,2.9,9.4,6.6,3.6,4.1,2.6,6.5,7,9.2
761,922,6.8,9,1.8,8.1,4.2,7.1,3.2,1.4,1.8,6.1
900,819,9.6,7.2,3,6.4,9.8,7.6,1.3,5.4,4.9,2.1
936,821,4,8.6,7.2,3.7,2.1,6.3,5.1,5,2.9,5.2
914,755,1,4.2,1.3,2.6,2.2,4.4,1.9,1.5,5,1
752,900,3,8.1,2.2,3.7,1.5,4.3,5.8,4.1,5.6,2
778,798,1.7,9.9,2.5,4.7,6.5,9.2,8,4.1,1.8,6.6
988,861,7.6,5.4,6.6,7.5,1.1,2.4,2.3,9.2,6.9,9.3
799,828,10,2.3,3.4,5.8,4.9,5.3,3.1,9,1.7,9.1
937,994,8.7,4.9,1.4,7.6,4.7,3.2,1.8,1.3,8.6,3.8
966,955,6.2,6.9,8.4,3.9,7.4,1.2,2.2,5.3,6.8,1
873,938,2.8,7.9,7.4,6.6,9.7,9.8,9.6,8.8,7.6,3.1
752,877,5.9,3.4,7,8.7,9.7,8.2,8,9.2,8.3,6.9
763,785,2,9.4,8.8,3.2,6.8,8.1,8,4.7,7.7,10
984,884,4.9,1.4,5.5,9.3,9.8,3.8,8.2,4.1,9,8.6
964,832,2,6.7,4.9,4.6,7.6,7.4,8.4,3.2,9.8,6.6
988,835,2.6,4,5.1,1.7,2.1,8.7,2.8,9.1,7.4,8.2
995,844,6.6,7.7,3.2,7.5,8.5,5.6,2.6,5.8,5.4,3
991,786,10,6.6,8.3,3,2.1,2.6,1.9,9.5,9.4,4.4
767,811,2.5,7,3.3,4.1,7.8,6.7,1.1,9.1,1.4,5.1
786,759,3.4,3.8,6,6.9,5.8,4.5,3.2,5.3,5.3,8.9
963,890,6.3,3.6,7.5,3.3,8.7,3.8,9.4,9.4,5,8.6
953,888,2,3.1,6.9,3.6,2.2,4.6,4.6,8.1,5.9,2.5
838,964,5.2,7.8,1.1,2.6,6.2,5.5,7.1,9.4,6.8,4
976,973,6.8,8.7,8.9,2.4,2.8,5,8.3,3.7,9.4,4.2
920,978,9,10,5.4,9.2,2.4,7.5,9.4,5.8,8.6,3.4
791,763,8.3,1.3,6.4,9.6,3.3,3.2,5.4,1.6,5.2,2.8
871,784,6.5,8.9,8.1,7.9,6.7,7.5,4,3,8,1.8
892,964,9.4,2.7,8.5,9,5.8,1.6,1.3,9.5,7.4,6.9
845,910,6.3,7,1,1.9,3.8,6.8,7.5,2.9,7.3,9.8
919,760,3.6,2.4,7.6,5,6.5,7.9,7.5,6.1,6.6,8.8
952,826,9.7,5.4,2.9,7.6,2.2,4.7,4.6,7.6,8.1,2.5
952,847,2,7.2,8.9,1.1,7.5,6.4,9.9,3.8,4.3,7.6
974,800,4.5,8.7,5.2,10,5.4,5.6,2.8,2.4,7,3.5
955,977,6.8,5.6,5.9,2.3,9.2,9.9,8,3.5,3.9,2.2
904,782,6.6,3.1,6.6,4,8.4,6.7,4.1,7.3,5.9,3.3
830,966,3.6,4.1,4.4,5.5,4.2,4.2,5.9,2.7,7,2.1
816,974,7.6,2.4,6.7,7.9,2.2,3.5,2.7,7.7,7.5,8.7
932,859,2,5.6,9.1,8.3,3.8,2.4,5.7,8.9,6.9,6.7
849,788,1.4,7,2.9,1.1,4.3,9.8,6.9,5.6,5,4.5
979,751,9,9.5,9.3,4.5,9.7,2.2,4,4.5,8.4,8.2
786,960,5.3,8.6,6.1,1.2,2.2,7.5,6,6.3,4.4,4.5
773,996,2,1.2,3.8,7,3.8,8.1,4.3,1.7,7.5,6
988,780,1.6,6.9,8.1,1.8,8.4,7.1,5.7,2.2,3.8,5.6
756,763,1.6,8.2,6,9.7,8.3,9,8.5,7.7,6.9,9.9
806,974,9.8,8.5,5.2,3.1,5.4,3.5,1.6,2.1,6.7,4.5
790,996,4.5,7.7,9.6,4.4,7,1.7,9,4.7,1.2,1.3
847,956,2.8,8.7,4.9,5.2,7.6,5.4,7.9,7.6,8.1,3.5
929,868,8.5,7.1,6.7,8.3,8.4,7.6,2.1,8.1,8,5.7
861,835,3.4,4.3,2.4,1,6.7,2.8,10,7.6,9,5.2
953,845,4.5,6.5,6.5,1.2,6.1,7.5,5.1,4.3,8.2,7.5
961,879,7,2.6,5.6,8.3,8.2,7.4,6.2,7.2,2.8,7.3
968,753,4.8,6.6,3.6,9.7,9.2,5.2,2.7,4.4,8.4,5
750,964,8.4,3.9,4.8,9.9,1.9,9.7,3.2,10,6.5,3.9
978,991,5.9,9.7,2.5,5.8,8,5,9.2,6.6,2.4,8.4
950,938,1.8,7.6,6.5,1.9,7,7.6,7.1,9.7,5.7,4.8
868,756,6.3,6.3,7.8,7.5,1.7,4.2,3.7,7.6,1.6,6.1
776,779,2.1,4.6,3.8,2.6,7.9,6,2.5,4.1,8.9,3.6
892,824,3.4,2.8,2.3,6.5,6.9,5.2,4.8,7.2,4.4,2.5
753,955,5,5.3,8.6,2.6,6.7,6.1,8.9,7.5,6.9,1.5
796,784,1.9,2.7,6.3,7.4,5.3,7,3.8,2.8,1.2,1
958,983,2.1,8.1,7.6,2.6,6.6,1.7,8,9.6,1.5,9.2
777,778,3.7,3.8,3.4,1.5,3.3,7.3,8.7,9.3,9.8,4.1
801,857,2.5,7.2,8.6,8.7,3.2,2.8,8.7,7.3,4.6,9.8
968,803,8.6,5.3,4.6,7,3.8,7.4,6.3,4.2,3.5,7.8
939,818,7,4.7,8,7.3,8.6,6.5,9.3,1.9,7.7,2.6
990,786,5.2,6.9,9.5,8.9,6.4,3.1,8.2,7.7,4,4
921,937,5.5,7.5,5.4,7.7,9.5,4,9.9,3.7,4.2,3
916,902,2,4.8,3.1,2.4,8.9,8.3,6.4,2.1,6.5,7.8
898,869,7.5,3,1.5,3.3,6.8,8.3,6.4,9.4,6.5,4.1
797,787,7.1,7.1,9,3.9,1.6,3.9,3.7,4.4,4.1,7.5
811,777,4.9,4,5.4,7.7,2.7,8.2,6,1.5,3.4,5.4
995,925,5.6,8,3.4,2.6,9.7,7.7,1.6,6.5,8.7,6.3
759,855,9.4,1.2,6.1,6.5,3.7,4.6,2.5,5.3,8.3,9.5
792,814,7.4,1.2,4.1,2.5,10,6.6,7.4,8.8,2.1,6
925,952,5.5,6,6,4.2,3.3,1.3,1.6,6.8,6,4.2
764,771,8,6.9,7.3,3,7.7,4.3,5.4,8.1,3.7,4.3
904,873,6.1,9,6.4,2.7,5.6,1.2,1.1,7.8,4.5,8.6
930,827,6.6,6.9,9.2,9,1.7,1.3,8.5,8,1.3,4.4
970,978,3.2,6.6,6.7,6.2,3.2,2.4,3.4,4.7,7.4,1.7
952,973,7.1,1.6,8,2.6,8.8,3.4,6.9,7.3,8.7,2.3
822,834,4.9,5.2,3.6,7.5,9.2,2.1,6.9,10,5.6,6.7
947,848,4,5.9,1.3,2.9,5.4,8.7,6.4,7.4,4.9,3
811,992,1.6,3.5,3.7,4.3,9.3,7.2,8.6,6.1,4.1,8.6
823,995,7.4,4,2.8,9.4,9.4,1.9,1.5,7.6,3.2,4
953,876,9.8,4.2,6.4,9,7.5,2.3,9.7,5.9,1,8.8
993,902,4.7,6.8,5.9,4.8,8.9,2.7,7.5,9.9,1.7,5.4
920,845,6.7,2.4,4.3,5.8,3.2,7.6,2.2,8.5,5,7.3
933,816,2.8,2.2,4.7,1.5,8,9.9,5.2,8.3,2.2,6.6
807,947,3,7.8,2.3,5.5,4.6,3.9,5.1,2.8,4.6,7.3
811,908,7.2,7.6,7.4,2.9,9.7,7,1.2,1,2.6,7.8
834,872,4.2,4.1,6,6.7,1.6,7.9,3.3,8,8.6,3.3
966,782,5.1,6.6,9.8,2.3,6.7,9.6,1.2,1.6,9,8.3
989,995,5.2,3.4,3.6,9.1,3.1,7.9,7.5,8.5,9.2,4.1
753,854,2.3,3.8,7.7,4.5,5.8,1.7,1.1,4.6,2.6,7.4
901,802,2.8,9.2,3.5,8.1,7.1,5.2,8.5,5.4,8.6,1.8
906,751,3,3,4.2,8.8,5.9,5.6,1.3,3.5,2.5,7.8
837,853,2.4,8.6,10,2.3,6.1,4.6,3.9,2.6,4.6,9.9
895,894,8.8,6.3,3.5,5,1.3,3.2,8.3,5,4.1,1.1
777,948,2.5,9.1,1.8,1.8,9,3.2,3.9,4.8,4.4,4.2
942,998,9.1,2.8,6.6,4.5,2.7,6.2,1.6,9.2,9.5,3.7
995,952,8.5,2.7,1.3,4.5,7.9,5,9.6,7.7,8.1,5.6
893,991,2.4,3.8,5.9,9.8,8.4,1.3,9.5,9.3,1.6,1.6
836,948,2.9,6.5,1.8,2.2,7.2,1.7,4.7,9.7,10,1.3
935,942,5.4,1.5,6.1,1.9,8.3,7.5,5,8.9,1.3,1.9
769,975,5.3,7.1,5.4,1.3,8.6,8,2.2,7.1,9.6,3.8
754,880,1.9,8.2,3.6,6.7,6.8,3.1,3.2,1.4,2.6,9.3
977,862,3.2,1.2,7.4,9,2.8,7,4.5,9.5,2.1,3.9
990,770,8.8,8.7,3.8,6.2,2.2,7.7,5.4,3.6,8.9,6.7
961,778,1.8,9.7,6,5.6,7.6,7.8,8.7,5.4,7.1,1.9
960,943,1.6,8.1,2,5.1,5.7,2.6,5,8,8.2,3.7
952,853,9.4,3.1,3.3,7.2,3.7,5.1,4.6,6.1,9.9,9.6
773,915,3,2.7,4.2,8.9,3.6,9.6,8.8,6.8,8.3,4.3
954,955,4.6,1,9.2,3.1,3.1,3,7.4,7.4,9.5,3.7
998,858,1.5,7.3,7.3,4.6,5.6,1.3,2.9,1.6,6.9,6.6
834,857,2.1,1.5,4.8,5.5,9.6,7.2,6.8,5,2,8.4
928,814,5.3,7.4,4.2,4.2,2.4,2.2,8.7,2.5,2.7,7.8
856,873,5.5,9.1,1.6,1.1,7.6,2.6,8.9,2.2,3.3,6.1
955,852,5.5,4.7,8.6,2.1,6.1,6.2,8.3,7.5,8.8,5.8
757,993,9.1,5.6,7.8,1.9,1.5,8.6,8.3,7.3,8.9,3.9
902,958,5.4,4.8,4.1,3.2,3.4,3.1,4.4,2.8,1,5.9
890,996,6.4,1.5,4.3,6.2,6.3,6.3,2.2,9,1.2,2.8
923,929,8.1,1,8.9,6.8,4.6,6.9,9,3.4,5.2,3.7
956,919,5.2,7.7,3.4,3.6,4.3,6.1,4.6,9,9.3,4.3
941,990,8.4,4.9,5,2.5,8.4,5.1,7.1,9.1,7.6,4
924,978,1.2,8.5,6.1,8.8,8.6,5.6,6.5,3.1,1.1,6
807,915,5.1,1.6,9.8,2.5,7.2,2.2,7.7,9.7,3,3.5
768,935,6.1,5.8,4.1,9.2,2,9.6,9.7,1.8,9,9.2
859,980,1.1,8.3,2.1,6,9,8.5,7.2,9,3,1.9
865,989,7.9,1.4,1.7,6.3,7.6,9.7,8.6,5.5,6.8,5.8
879,860,8.5,2.6,5.1,7.9,9.6,8.4,6.5,6.8,1.5,6.9
805,860,7.4,8.9,2.1,3.1,8.6,5.9,4.1,6,5.8,2.2
963,789,7,6.9,4,3.7,6.3,8.8,3.6,3.7,9.5,3.4
943,947,5,4.8,4.5,2.4,4.9,6.9,4.2,2.6,1.1,5.7
797,784,8.5,8.6,3,6.1,9.7,4.4,6,1.6,8.6,9.9
898,893,3.5,3.3,3.1,6.8,9.2,3.1,1.5,2.6,3.7,7.9
957,808,5.8,5.9,8.6,3.6,1.1,5.8,9.4,1.1,6.2,5.2
873,923,8.4,6.4,6.8,7.2,3.7,4.2,2.5,8.5,1.4,2.5
771,846,3.3,1.9,8.1,5.1,7.8,6.2,9.1,2,2.2,9.5
781,850,2.2,1,2.3,9.1,9.1,2.5,4.8,1.1,5,1.2
997,794,7.9,7,8,4.4,1.8,6.6,4.6,1.1,2.9,8.7
937,991,4.1,8.8,3.9,8.5,6,4.3,9.3,8.8,6.3,2.2
995,974,1.6,8.7,9.5,1.7,2.1,6.8,3.6,2.7,4.3,6.2
767,864,2.4,2.7,4.9,2,5.6,1.2,3.3,6.4,2.5,5.9
843,957,8.1,1.7,6,5.7,8.9,5.4,6.1,5.5,2.2,8.6
958,864,4.5,4.8,3.5,10,1.5,1.1,7.6,6.4,7.3,2
911,983,3.7,3.9,2.8,2.1,7.7,7.8,5.4,4.5,4.4,9.7
809,972,2.9,6.3,6.2,6,7.9,2.4,1.7,1.2,8.8,8.4
780,764,8.3,3.3,6,2,1.1,5.9,1.8,6.5,5,2
775,844,7,1.3,2.2,1.4,5.3,6.4,1.5,1.5,9.4,4.8
934,961,5.4,4.3,9.9,2.9,3.2,2,2.3,1.5,3.1,1.5
811,989,7.3,7,5.4,5.3,9.4,2.5,7.3,2.3,7.6,9.7
968,839,7.6,4.6,8.2,8.6,5.9,4.9,8.8,1.5,2.7,8.5
785,919,8.9,1.4,2.7,6.1,7.4,2.2,2.4,2.3,2.4,5.6
812,927,7.6,5.9,5.8,4.2,3.1,4.2,5.7,7.9,4.2,3.4
970,986,5.2,1.6,6.1,3.3,6.7,4.2,8.6,8.3,1.4,3.6
841,969,9.4,7.1,3.2,7.5,6.5,2.4,1.8,6.1,2.9,8.2
884,954,6.4,3.5,2.4,5.6,9.7,8.5,2.7,5.9,8.8,9
964,815,8.6,5.8,3,5.7,4.2,6.3,4,9.6,1,3.4
995,793,5.3,6,6.4,3.6,8.7,3.8,1.7,8.3,9.7,5.2
934,996,7.9,4.4,7.7,9.1,1.9,3.1,9.8,8.1,9.3,5.8
972,980,8.7,1.1,7.6,8.4,7.4,7.2,4,8.6,1.8,9.1
890,906,1.3,5.7,5.6,6.5,9.2,3.3,2.1,6.8,3.8,1.1
932,885,2.4,8.1,9.5,4.7,7.6,9.6,1.8,7.3,6.5,8.9
976,947,1.7,3.1,3.2,8.3,9,2.2,7.3,7.6,5.4,4.2
805,767,1.8,5.8,7.3,9.7,2,5.9,3.6,5.6,8.4,8.1
977,925,9.5,3.1,4.1,8,6.1,7.8,7.3,4.2,1.2,8.4
877,831,6.9,9.6,1.1,4.8,1.6,2.6,4.8,5.1,9.2,5.8
965,757,3.9,9.2,7.3,4.2,4.6,3.9,8.9,5.6,7.1,8.7
796,874,9.3,2.4,8.2,4.2,3.1,1.5,6.5,2.7,9.8,3.8
998,783,2.7,4,3.7,5.9,3.2,2.3,1.3,6.7,6.3,9.4
928,973,3.5,9.7,7.5,8,3.1,7.5,2.1,4.7,2.7,7.9
956,907,7.8,7.6,3.6,6.7,8.4,5.5,5,4.3,8.5,3.3
799,883,1.5,4.2,1.3,1.8,4,9,5.8,9.8,4.1,3.8
923,773,8.2,5.1,8,5.6,3.5,8.3,1.9,9.1,8.3,8.2
946,945,7.6,1.9,8.3,4.7,9.4,1.1,9.6,4.1,4.9,3.5
935,877,5.9,9.6,2.1,7.8,7.4,3.3,6.6,6.8,3.8,7
992,755,7.3,9.9,8.3,5.1,2.5,6.4,3.7,3.7,5.5,4.1
862,828,9.6,4.3,3.6,6.9,2.8,9,1.5,9.9,7.6,9.5
811,791,9.1,3,7.4,5.6,4.7,5.1,3.9,7.5,5.6,6
755,968,8,2.9,5.1,2.7,3.7,9.4,2.8,10,8.3,7.9
931,960,3.7,9.5,4.3,8.3,8.4,1.8,1.8,8.6,2.2,5.7
810,867,3.1,1.1,8.9,3.1,2,8.8,6.9,5.9,5.9,4.5
816,806,5.3,2.8,5,9.6,2.7,7.7,9.8,8.7,1.9,4
814,824,8,1.3,3.5,6.6,4.8,3.2,5.3,9.3,8.6,7.8
994,861,6.7,8.9,8.2,7.1,4.4,6.4,6.7,5.4,8.2,2.2
824,976,4.4,5.5,7.2,10,1.1,3,3.7,3.3,4.8,3.9
963,946,4.4,2.7,6.1,9.6,9.8,9.2,8.8,4.4,7.8,6.7
844,840,7.5,2.5,5.6,2.6,6.6,3.8,7.5,9.5,2.7,9.5
943,882,2.4,7.1,8,4,2,7.6,1.1,8.2,3.8,4.8
925,948,1.5,8,3.8,9.5,1.4,6.8,3.5,3.8,4.9,4
963,910,4.9,8.8,5,8,3.7,9,1.7,7.6,4.3,7.6
936,757,8.8,9.3,3.6,5.5,5.8,8.9,1.6,7.6,2.1,9.6
808,877,6.8,7.3,9.9,1.8,3.2,5.9,3.4,3.4,5.4,9.4
827,805,3.3,1.9,5.6,6.5,1.5,1.5,5.8,1.7,6,8.1
900,907,8.9,2.7,1.6,8.4,9.9,8.9,4.7,8.5,8.4,9.3
809,844,8,4,3.3,4.7,9.5,5.3,4.7,8.2,5.2,4.4
829,926,4.6,4.4,4.2,7.8,5.5,7.8,4.4,8.8,6.4,6.6
864,890,6.9,3,8.5,4.9,5.6,3.1,6.9,6.8,6.2,9.4
786,988,8.9,7,6.1,9.5,8.9,8.8,2.2,9.9,1.9,5
876,751,3.6,3.7,1.1,1.1,7.6,9.4,2.8,6.8,6,2.6
925,989,9,3.5,4.5,3.9,8.9,2,5.2,3.6,7.5,9.2
761,987,8.7,8,3.7,4.5,9,2.3,8.8,1.4,2.9,1.7
918,894,2.4,4.8,9.2,2,9.7,5.3,1.1,8.3,4.9,7
997,983,1.2,5.8,8.5,4.5,9.2,2.3,3.8,8.6,3.4,10
839,840,2.2,7.1,4.8,2.8,6.8,6.2,8.2,9.8,8.1,7.3
919,904,3.8,4.1,2.8,9.3,1.2,7.2,5.2,9.8,8.1,1.9
968,855,2.7,7.8,6.9,7.4,4.1,8.8,1.5,2.5,8.5,9.4
857,836,5.5,8.9,3.5,4.1,2.1,4.8,3.3,4.4,9.7,10
838,759,4.4,8.7,5.8,3.1,3.6,3.3,5,7.9,5.6,1
977,956,2.7,5.7,7.6,4.1,5.3,9.6,6,2.8,9.3,3.8
821,969,7.4,3.4,8.4,7.2,5.2,5.1,2.4,2,3,2.9
